,V2,V1
1,數據,2304
3,統計,1413
4,用戶,855
5,模型,846
7,分析,773
8,數據分析,750
9,大數據,650
10,研究,547
11,信息,543
12,大學,497
13,語言,430
14,方法,428
15,問題,426
16,會議,411
17,數據科學,401
18,學習,385
21,可能,373
22,中國,366
23,科學,359
24,計算,359
25,網絡,350
26,公司,341
27,預測,314
28,應用,306
29,變量,280
30,時間,277
32,選擇,255
33,廣告,254
35,主要,239
36,行業,238
37,關鍵,232
38,系統,228
39,影響,226
40,估計,222
41,北京,220
42,品牌,217
43,學院,214
44,城市,213
45,誤差,213
46,處理,210
47,產品,209
48,分佈,209
49,過程,208
50,相關,200
51,搜索,199
52,訓練,196
53,方面,193
54,重要,189
55,函數,187
56,行為,187
57,技術,180
58,有限,180
59,戶的,179
60,市場,178
61,提供,178
62,關係,177
63,工作,176
64,非常,174
65,利用,171
66,機器,171
67,可視,170
68,聯網,169
69,COS,168
71,本文,168
72,業務,167
73,文本,167
74,比較,167
77,得到,163
78,推薦,163
81,樣的,162
82,演講,162
83,介紹,159
84,微博,159
85,計之,159
86,統計之都,157
88,實際,156
89,工具,156
90,現在,156
91,用戶的,156
93,可視化,154
94,報告,153
95,關注,151
96,器學習,151
97,方式,150
98,樣本,150
99,能夠,150
100,情況,149
101,機器學習,148
102,沙龍,148
103,數據,147
104,學家,147
105,已經,147
107,音樂,147
108,有限公司,145
110,中心,143
111,發展,143
113,算法,142
114,老師,142
115,表示,142
116,型的,141
117,概率,140
118,互聯,139
119,管理,138
120,言會,138
121,互聯網,137
122,語言會,137
123,客戶,136
124,特徵,135
125,結構,135
126,語言會議,135
127,一種,134
128,企業,134
129,喜歡,134
130,大的,134
131,的是,134
134,的分,132
135,社交,132
136,金融,132
137,到了,131
138,用的,131
139,先生,130
140,量的,130
142,參數,129
143,學生,129
144,具體,128
145,發現,128
146,實現,128
147,教授,128
148,包括,127
149,指標,127
151,分類,126
152,平均,126
153,mathbf,125
154,之間,125
155,博士,124
156,是一個,124
157,建模,123
158,聚類,123
159,領域,123
160,興趣,122
161,這種,122
162,本次,121
163,回歸,120
164,要的,120
165,告主,119
166,購買,119
167,會場,118
168,上的,117
169,廣告主,117
170,的研,117
171,代碼,116
172,矩陣,116
173,科技,116
174,銷量,116
175,間的,116
176,的問,115
177,兩個,114
178,的問題,114
180,天氣,113
181,每個,113
182,內容,112
183,定義,112
184,的統,112
185,模型的,111
186,的研究,111
187,壓裂,110
188,作者,110
189,到的,110
190,並不,110
191,有一,110
192,的用,110
193,的統計,110
194,解決,110
195,面的,110
196,之後,109
197,平台,108
198,標籤,108
199,簡單,108
200,這一,108
201,多的,107
202,手機,107
203,是我,107
204,銷售,107
205,文章,106
206,消費,106
207,軟件,106
208,信用,105
209,開發,105
210,更多,105
211,HTTP,104
212,一步,104
213,描述,104
214,是否,104
215,最後,104
217,的方法,104
218,認為,104
219,高端,104
220,同的,103
221,存在,103
223,的用戶,103
224,評論,103
225,基礎,102
226,深度,102
227,的信,102
228,代表,101
229,複雜,101
230,我的,101
231,獲得,101
232,也是,100
233,挖掘,100
234,的工,100
235,程中,100
236,紀要,100
237,一定,99
239,主題,98
240,單位,98
241,廣州,98
242,們可,97
243,來的,97
244,科學家,97
245,了解,96
246,展示,96
247,隨機,96
249,效果,95
250,數學,95
251,線性,95
252,參會,94
253,學的,94
254,報名,94
255,行了,94
256,支持,93
257,有效,93
258,直接,93
259,mathcal,92
260,在這,92
261,對應,92
262,當時,92
263,的模,92
264,價值,91
265,基本,91
266,新的,91
267,目前,91
268,營銷,91
269,論文,91
271,不同的,90
272,交易,90
273,我們可,90
274,指數,90
275,方向,90
276,獲取,90
277,記錄,90
278,都是,90
279,定的,89
280,每一,89
281,過程中,89
282,們可以,88
283,出現,88
285,數據科學家,88
286,知道,88
287,第二,88
288,策略,88
289,美國,88
290,考慮,88
291,這樣的,88
292,業的,87
293,傳統,87
295,希望,87
296,的時候,87
297,相對,87
298,程度,87
299,自己的,87
300,說明,87
301,進行了,87
302,採用,87
305,應的,86
306,時代,86
308,社交網,86
309,網站,86
310,這是,86
311,人員,85
312,在一,85
313,屆中國,85
314,的預,85
315,目標,85
316,社交網絡,85
317,是不,84
318,服務,84
319,的應,84
320,者的,84
321,覺得,84
322,評價,84
323,變化,83
324,建立,83
325,我們可以,83
326,更加,83
327,的應用,83
328,的模型,83
329,看到,83
330,風險,83
331,應該,82
332,的結,82
333,知識,82
334,競爭,82
335,結合,82
336,貝葉斯,82
337,產生,81
338,幫助,81
340,測試,81
341,理解,81
342,組織,81
343,經濟,81
345,他的,80
346,具有,80
347,出了,80
348,容易,80
349,成為,80
350,用於,80
351,準確,79
353,的一個,79
354,能力,79
355,趨勢,79
356,銀行,79
357,性的,78
358,的基,78
360,商業,77
361,討論,77
363,一下,76
364,世界,76
365,之間的,76
366,人的,76
367,包含,76
368,數的,76
369,最大,76
370,係數,76
371,是在,75
372,裡面,75
373,專業,74
374,成本,74
375,計算機,74
376,財經,74
377,駕駛,74
378,一次,73
379,了一個,73
380,工程,73
381,我們的,73
382,理論,73
383,生成,73
384,的信息,73
385,的重,73
386,研究中,73
387,簡歷,73
389,項目,73
390,三個,72
391,上海,72
392,也可,72
393,分享,72
394,成功,72
395,有很,72
396,的關鍵,72
398,其實,71
399,醫療,71
400,快速,71
401,投資,71
402,最近,71
403,渠道,71
404,的大,71
405,規模,71
406,進一,71
407,違約,71
408,不能,70
409,優化,70
410,後的,70
411,影響力,70
412,推斷,70
413,生物,70
414,的預測,70
415,預測誤差,70
416,業界,69
417,以看,69
418,幾個,69
419,嘉賓,69
420,程序,69
421,角度,69
422,訓練集,69
423,進一步,69
424,需求,69
425,假設,68
426,可以看,68
428,深度學習,68
429,的時間,68
430,設計,68
431,功能,67
432,推廣,67
433,案例,67
434,模型選,67
435,的可,67
436,的概,67
437,節點,67
438,行的,67
439,個數,66
440,之前,66
441,因素,66
442,模型選擇,66
443,環境,66
444,的影,66
445,解釋,66
446,起來,66
447,高端車,66
448,模型,65
449,文本,65
450,東西,65
451,以下,65
454,另一,65
455,形式,65
456,智能,65
457,的文,65
458,重要的,65
460,參考,64
461,增加,64
463,的發,64
464,的影響,64
466,背景,64
467,車險,64
469,分詞,63
470,化的,63
471,學術,63
472,布的,63
473,核心,63
474,的變,63
475,經大,63
476,通常,63
478,介紹了,62
479,原因,62
480,可能也,62
481,控制,62
482,機構,62
483,法的,62
484,王小寧,62
485,生的,62
486,的相,62
487,自然,62
488,論壇,62
489,財經大學,62
490,車輛,62
491,驗證,62
492,為一,61
493,導致,61
494,徵信,61
495,析的,61
496,的主,61
497,的實,61
498,而不,61
500,速度,61
501,也喜歡,60
502,人群,60
503,分析的,60
504,大量,60
505,實驗,60
506,年的,60
507,找到,60
508,抽樣,60
509,統的,60
510,編輯,60
511,聯繫,60
512,CDOT,59
513,火花,59
514,中山,59
515,例子,59
516,北京大,59
517,司機,59
518,就可,59
519,得分,59
520,提出,59
521,效率,59
522,數據挖,59
523,方差,59
524,無覓,59
525,是對,59
526,真實,59
528,下來,58
529,個問,58
530,北京大學,58
531,歷史,58
532,圖形,58
533,就可以,58
534,帶來,58
535,您可能也喜歡,58
536,提高,58
537,數據挖掘,58
538,顯示,58
539,本的,58
540,趣的,58
541,事情,57
543,地區,57
544,建議,57
545,成了,57
546,提升,57
547,數據可,57
548,數據時,57
549,日期,57
550,朋友,57
551,社會,57
552,觀測,57
553,評估,57
554,量化,57
555,個問題,56
556,也可以,56
557,人民,56
558,保險,56
559,判斷,56
561,對數,56
562,工業,56
563,文件,56
564,標準,56
565,的學,56
566,的工作,56
567,研究中心,56
568,神經,56
569,系列,56
570,讓我,56
571,xgboost,55
572,下面,55
573,不會,55
574,體的,55
575,所示,55
576,提供了,55
577,汽車,55
578,的廣,55
579,的特,55
580,經驗,55
582,驅動,55
583,呃,54
584,帽子,54
585,醫學,54
586,媒體,54
587,據中,54
588,的分析,54
589,的推,54
590,的最,54
591,ggtree,53
592,不斷,53
593,個體,53
595,也不,53
596,人民大學,53
597,位置,53
598,出的,53
599,基金,53
600,大數據的,53
602,來越,53
603,消費者,53
604,爆發,53
605,的機,53
606,的高,53
607,益輝,53
608,編程,53
609,表現,53
610,α,52
611,下載,52
612,中文,52
613,們將,52
614,會有,52
616,商務,52
617,國人,52
618,學研究,52
619,完成,52
620,度的,52
621,數據中,52
622,每週,52
623,特別,52
624,的過,52
625,神經網絡,52
626,第三,52
627,計分,52
628,詞的,52
629,階段,52
630,駛行為,52
631,做一,51
632,做的,51
633,分的,51
634,埃博拉,51
635,多個,51
636,是有,51
637,來源,51
638,現了,51
639,的關鍵詞,51
640,越來越,51
641,駕駛行為,51
642,高的,51
643,中國人,50
644,會者,50
645,興趣的,50
646,好友,50
647,我們將,50
649,挑戰,50
650,數據進,50
651,有很多,50
652,氣象,50
653,注意,50
654,統計分,50
655,語言的,50
656,超過,50
657,金額,50
658,一點,49
659,一起,49
660,下的,49
661,中國人民,49
662,舉辦,49
664,交流,49
665,他們的,49
666,向量,49
667,在的,49
668,大小,49
669,學統計,49
670,山大,49
671,總結,49
672,意義,49
673,數據進行,49
674,數量,49
675,未來,49
676,比例,49
677,沙龍第,49
678,的個,49
679,的發展,49
680,的情,49
681,的方式,49
682,的過程,49
683,示了,49
684,科技有,49
685,計的,49
686,資料,49
687,中國人民大學,48
688,中山大學,48
689,分為,48
690,參會者,48
691,發布,48
692,國內,48
693,家的,48
694,展現,48
695,感興趣,48
696,擴展,48
697,抓取,48
698,損失,48
699,排名,48
700,最終,48
701,每週精選,48
702,遊戲,48
703,生活,48
704,科技有限公司,48
706,質量,48
707,題的,48
708,也就,47
709,今天,47
711,基因,47
713,收集,47
714,改進,47
715,數據可視化,47
716,是這,47
717,模式,47
718,的不,47
719,的估,47
720,的廣告,47
721,的標,47
722,目的,47
723,相應,47
724,類別,47
725,統計分析,47
726,謝益輝,47
727,簡歷,46
728,們在,46
729,力的,46
730,華南,46
731,引擎,46
732,新聞,46
733,是最,46
734,概念,46
735,歡迎,46
736,點擊,46
737,的交,46
738,的概率,46
739,的重要,46
740,監測,46
741,給出,46
742,綜合,46
743,規則,46
744,距離,46
745,自動繪製,45
746,不可,45
748,了這,45
749,你的,45
750,做了,45
751,關的,45
752,製造,45
753,同樣,45
754,增長,45
755,完全,45
756,接口,45
757,操作,45
758,數據時代,45
759,更多的,45
760,次會議,45
761,電子,45
762,的優,45
763,的行,45
764,移動,45
765,調整,45
766,酒精性飲料,45
767,重複,45
768,一方,44
769,一致,44
770,習的,44
771,似然,44
772,健康,44
773,準則,44
774,單的,44
775,博文,44
777,合理,44
778,大數據時,44
779,實踐,44
780,對應的,44
781,屬性,44
782,年齡,44
783,很大,44
784,很好,44
785,接下,44
786,提取,44
787,現的,44
788,百度,44
789,的東,44
790,的關係,44
791,的理,44
792,的結果,44
793,空間,44
794,線性模型,44
795,要求,44
796,達到,44
797,應用,43
798,上面,43
799,個用,43
800,了很,43
801,值的,43
802,分佈的,43
803,國際,43
804,在大,43
805,在線,43
806,地方,43
807,域的,43
808,基礎上,43
809,大數據時代,43
810,學習的,43
811,忠誠,43
812,思考,43
813,接下來,43
814,效的,43
815,是很,43
816,曲線,43
817,條件,43
819,用了,43
820,界的,43
821,的目,43
822,的解,43
823,議的,43
824,識別,43
825,資源,43
826,UBI,42
827,個性,42
828,為我,42
829,國家,42
830,它的,42
831,性化,42
832,正態,42
833,畢業,42
834,流程,42
835,的東西,42
836,的估計,42
837,的第,42
838,種方,42
839,究的,42
841,重點,42
842,問題的,42
844,蟒蛇,41
845,主辦,41
846,也有,41
847,創意,41
848,發生,41
849,思路,41
850,整個,41
851,更好,41
852,有一個,41
853,有可,41
854,本科,41
855,來看,41
857,死亡,41
858,流行,41
859,理學,41
860,的各,41
862,相關的,41
863,研究的,41
864,紅包,41
865,組合,41
866,結構化,41
867,網絡中,41
868,自動,41
869,行業的,41
870,表明,41
871,這就,41
872,引導,40
874,一直,40
875,個用戶,40
876,了數,40
877,交通,40
878,以用,40
879,會議的,40
880,作用,40
881,做出,40
882,合作,40
884,天津,40
885,學科,40
886,對數據,40
887,就會,40
888,廣東,40
889,擬合,40
890,整體,40
891,方面的,40
892,本次會議,40
893,每一個,40
894,註冊,40
895,點的,40
896,疫情,40
897,的事,40
898,的內,40
899,的地,40
900,簡單的,40
901,觀察,40
902,訪談,40
903,這兩,40
904,進行分,40
905,閱讀,40
906,BIC,39
907,個性化,39
908,個方,39
909,交叉,39
910,吸引,39
911,完整,39
912,層面,39
913,巨大,39
914,態分佈,39
915,投放,39
916,是什麼,39
917,最小,39
918,本數,39
919,極大,39
920,涉及,39
921,深圳,39
922,的基礎,39
923,真正,39
924,類似,39
925,編碼,39
926,讓我們,39
927,QQ,38
928,也就是,38
929,保證,38
930,保費,38
931,創業,38
932,前的,38
933,區域,38
935,國的,38
936,在中,38
937,對用戶,38
938,感覺,38
939,所有的,38
940,擁有,38
941,探索,38
942,是因,38
943,最好,38
944,機會,38
945,正態分佈,38
946,水平,38
947,獨立,38
948,理的,38
950,的思,38
951,的成,38
952,的計,38
953,的語,38
954,研究院,38
955,類型,38
